College_Code,Department_Name,Event_Year,Total_Students,Total_Teams,Active_Participants,Total_Offers,Partnership_Count,Recruiter_Visits,Total_Faculty,Active_Mentors,Total_Hackathon_Cost,Innovation_Score_Avg,Departmental_Performance_Index_DPI,Institutional_ROI
C01,CSE,2025,602,91,332,59,3,15,48,30,517498,0.839,0.696,104.73
C01,ECE,2025,587,92,333,85,3,13,40,21,494925,0.78,0.76,104.73
C01,IT,2025,793,41,508,40,1,19,45,33,514478,0.755,0.787,104.73
C01,MECH,2025,669,67,454,48,3,19,42,24,441394,0.748,0.718,104.73
C02,CSE,2025,984,90,527,65,1,14,37,21,498148,0.938,0.753,104.73
C02,ECE,2025,885,59,445,43,4,14,31,22,510077,0.609,0.613,104.73
C02,IT,2025,580,75,281,40,2,13,41,29,439692,0.864,0.651,104.73
C02,MECH,2025,690,57,319,29,2,11,33,23,521387,0.743,0.588,104.73
C03,CSE,2025,689,79,356,62,2,16,47,35,481214,0.778,0.702,104.73
C03,ECE,2025,800,40,408,26,1,15,20,13,566330,0.673,0.617,104.73
C03,IT,2025,998,56,561,30,1,18,24,18,452662,0.88,0.681,104.73
C03,MECH,2025,700,47,291,24,1,14,42,34,440965,0.681,0.55,104.73
C04,CSE,2025,974,74,615,73,3,8,24,18,520982,0.904,0.847,104.73
C04,ECE,2025,782,48,518,38,2,17,47,35,480015,0.65,0.696,104.73
C04,IT,2025,730,88,343,75,4,12,42,27,492623,0.832,0.729,104.73
C04,MECH,2025,826,98,572,70,4,9,29,22,525259,0.626,0.673,104.73
C05,CSE,2025,607,83,325,70,3,17,42,32,555117,0.821,0.742,104.73
C05,ECE,2025,724,40,409,39,5,16,22,17,566602,0.641,0.718,104.73
C05,IT,2025,636,76,304,61,3,13,43,29,481005,0.831,0.716,104.73
C05,MECH,2025,996,97,449,59,2,10,36,22,523264,0.671,0.586,104.73
C06,CSE,2025,686,88,275,45,4,13,42,25,485680,0.819,0.601,104.73
C06,ECE,2025,902,41,412,31,2,13,42,24,539751,0.62,0.612,104.73
C06,IT,2025,622,56,285,51,5,11,21,15,540078,0.83,0.743,104.73
C06,MECH,2025,739,55,391,35,4,18,25,14,486250,0.748,0.649,104.73
C07,CSE,2025,919,58,513,48,4,16,20,17,530689,0.827,0.747,104.73
C07,ECE,2025,859,40,493,29,3,14,47,38,537512,0.804,0.711,104.73
C07,IT,2025,999,99,400,49,4,12,24,18,547858,0.818,0.596,104.73
C07,MECH,2025,646,87,388,62,1,15,39,29,435539,0.834,0.728,104.73
C08,CSE,2025,921,79,621,73,1,10,44,35,432869,0.86,0.823,104.73
C08,ECE,2025,662,55,452,35,4,8,23,11,565059,0.723,0.685,104.73
C08,IT,2025,883,47,487,25,1,8,35,28,449830,0.852,0.666,104.73
C08,MECH,2025,521,85,245,79,5,10,41,27,479377,0.758,0.723,104.73
C09,CSE,2025,776,69,406,61,1,12,47,38,532946,0.806,0.745,104.73
C09,ECE,2025,691,88,292,87,4,12,25,14,463828,0.787,0.738,104.73
C09,IT,2025,779,68,356,64,3,19,20,13,545668,0.809,0.743,104.73
C09,MECH,2025,915,62,526,33,2,16,29,19,466631,0.774,0.642,104.73
C10,CSE,2025,613,71,419,56,2,18,29,15,535864,0.815,0.767,104.73
C10,ECE,2025,798,93,494,84,5,17,42,30,459592,0.803,0.778,104.73
C10,IT,2025,907,52,397,38,4,8,27,15,462097,0.818,0.678,104.73
C10,MECH,2025,821,71,542,56,3,16,45,38,557813,0.609,0.678,104.73
C11,CSE,2025,770,93,495,82,1,15,40,31,544692,0.793,0.775,104.73
C11,ECE,2025,602,43,245,33,4,10,42,28,524476,0.782,0.665,104.73
C11,IT,2025,869,99,452,78,3,8,43,25,435949,0.787,0.707,104.73
C11,MECH,2025,778,48,450,44,1,17,45,22,568877,0.711,0.733,104.73
C12,CSE,2025,617,87,334,82,5,12,20,17,459375,0.853,0.786,104.73
C12,ECE,2025,946,44,655,24,4,17,35,19,523468,0.789,0.687,104.73
C12,IT,2025,961,67,452,62,4,12,31,24,551172,0.903,0.78,104.73
C12,MECH,2025,538,75,247,66,5,14,45,31,527379,0.837,0.737,104.73
C13,CSE,2025,789,91,537,54,2,10,45,22,446364,0.858,0.725,104.73
C13,ECE,2025,503,55,224,42,2,8,47,34,521680,0.697,0.642,104.73
C13,IT,2025,916,90,466,56,3,8,20,17,538940,0.931,0.712,104.73
C13,MECH,2025,511,70,249,36,5,10,37,20,524297,0.684,0.574,104.73
C14,CSE,2025,763,68,458,43,2,9,38,27,512745,0.849,0.709,104.73
C14,ECE,2025,613,84,319,70,4,16,40,32,474425,0.671,0.674,104.73
C14,IT,2025,856,48,533,26,1,10,35,20,568429,0.824,0.679,104.73
C14,MECH,2025,723,76,300,50,1,10,28,14,561800,0.734,0.615,104.73
C15,CSE,2025,841,52,522,44,1,11,31,23,489163,0.919,0.808,104.73
C15,ECE,2025,705,70,409,53,2,12,24,14,517508,0.751,0.701,104.73
C15,IT,2025,983,92,543,61,1,14,32,20,441174,0.849,0.704,104.73
C15,MECH,2025,897,70,479,39,3,14,48,34,533150,0.776,0.638,104.73
C16,CSE,2025,575,48,303,35,1,13,26,20,523105,0.765,0.683,104.73
C16,ECE,2025,782,97,505,52,5,12,25,14,562396,0.745,0.653,104.73
C16,IT,2025,631,75,321,67,3,19,41,26,445485,0.835,0.755,104.73
C16,MECH,2025,950,84,520,69,2,11,47,30,472918,0.629,0.662,104.73
C17,CSE,2025,500,42,291,37,1,15,20,15,466395,0.837,0.774,104.73
C17,ECE,2025,672,71,440,55,5,18,47,27,443843,0.663,0.694,104.73
C17,IT,2025,940,57,422,36,1,8,40,25,568186,0.867,0.671,104.73
C17,MECH,2025,511,49,219,31,4,15,47,30,491529,0.642,0.575,104.73
C18,CSE,2025,635,97,313,75,4,12,28,17,551790,0.947,0.759,104.73
C18,ECE,2025,644,48,417,44,4,19,35,29,552402,0.633,0.723,104.73
C18,IT,2025,752,45,381,40,5,16,21,11,486570,0.937,0.793,104.73
C18,MECH,2025,864,44,463,22,1,9,34,17,453833,0.694,0.588,104.73
C19,CSE,2025,562,64,309,58,3,8,32,16,535570,0.844,0.774,104.73
C19,ECE,2025,884,60,358,57,1,12,24,17,453574,0.828,0.738,104.73
C19,IT,2025,984,92,557,55,2,10,36,22,468765,0.84,0.685,104.73
C19,MECH,2025,500,90,203,45,1,15,21,13,554454,0.667,0.539,104.73
C20,CSE,2025,653,97,422,50,3,9,31,15,536884,0.86,0.693,104.73
C20,ECE,2025,977,69,640,50,5,12,33,17,489494,0.801,0.734,104.73
C20,IT,2025,921,99,593,86,2,9,37,31,505745,0.861,0.798,104.73
C20,MECH,2025,807,96,487,80,4,14,29,16,533196,0.774,0.741,104.73
C21,CSE,2025,887,49,537,40,2,8,47,27,444388,0.946,0.805,104.73
C21,ECE,2025,949,52,504,36,3,18,38,33,567162,0.632,0.62,104.73
C21,IT,2025,873,55,356,30,4,15,44,24,499724,0.925,0.656,104.73
C21,MECH,2025,659,89,323,62,5,12,37,29,453061,0.687,0.631,104.73
C22,CSE,2025,904,45,361,26,1,19,45,35,521865,0.823,0.622,104.73
C22,ECE,2025,800,66,392,58,1,16,41,34,548831,0.728,0.702,104.73
C22,IT,2025,560,56,249,31,1,15,36,20,561374,0.787,0.614,104.73
C22,MECH,2025,626,95,263,72,4,14,33,23,535113,0.78,0.665,104.73
C23,CSE,2025,513,98,260,55,3,14,33,26,548033,0.856,0.663,104.73
C23,ECE,2025,793,74,431,51,1,14,24,18,525462,0.681,0.642,104.73
C23,IT,2025,585,65,359,56,1,11,44,25,512152,0.821,0.771,104.73
C23,MECH,2025,608,57,353,31,2,15,27,13,530776,0.741,0.634,104.73
C24,CSE,2025,600,45,419,23,3,15,46,35,546148,0.816,0.689,104.73
C24,ECE,2025,649,60,328,52,4,18,49,32,434324,0.62,0.66,104.73
C24,IT,2025,535,63,219,32,4,19,30,18,561189,0.751,0.576,104.73
C24,MECH,2025,868,69,408,35,3,15,45,34,567541,0.792,0.61,104.73
C25,CSE,2025,909,93,574,78,4,8,31,15,472533,0.872,0.79,104.73
C25,ECE,2025,792,50,415,37,3,10,20,15,495545,0.684,0.653,104.73
C25,IT,2025,760,62,441,42,2,15,21,13,538872,0.801,0.698,104.73
C25,MECH,2025,772,48,510,38,3,8,24,13,569639,0.631,0.688,104.73
